{"node": ["Ceramide (35.8%)", "Deoxy-Ceramide (9.8%)", "Dihydro-Ceramide (0.8%)", "Dihydro-Deoxy-Ceramide (3.5%)", "FA 16:0 (18.3%)", "FA 18:0 (3.2%)", "FA 20:0 (1.9%)", "FA 22:0 (16.9%)", "FA 23:0 (5.0%)", "FA 24:0 (31.3%)", "FA 24:1 (21.1%)", "Hex-(n)-Ceramide (43.1%)", "Others (0.8%)", "Others (2.2%)", "Others (3.8%)", "SPB 16:1;2 (2.6%)", "SPB 18:0;1 (3.0%)", "SPB 18:1;1 (9.8%)", "SPB 18:1;2 (74.0%)", "SPB 18:2;2 (6.7%)", "Sphingadiene-Ceramide (6.1%)"], "source": [14, 14, 14, 14, 14, 15, 15, 16, 17, 18, 18, 19, 19, 0, 0, 0, 0, 0, 0, 0, 0, 1, 1, 1, 1, 1, 1, 1, 2, 2, 2, 2, 2, 2, 3, 3, 3, 3, 3, 3, 11, 11, 11, 11, 11, 11, 11, 11, 12, 12, 12, 12, 12, 12, 20, 20, 20, 20, 20, 20, 20, 20], "target": [0, 2, 3, 11, 12, 0, 11, 3, 1, 0, 11, 12, 20, 4, 5, 6, 7, 8, 9, 10, 13, 5, 6, 7, 8, 9, 10, 13, 4, 5, 6, 7, 8, 9, 4, 6, 7, 8, 9, 10, 4, 5, 6, 7, 8, 9, 10, 13, 4, 7, 8, 9, 10, 13, 4, 5, 6, 7, 8, 9, 10, 13], "value": [3.2130357106232426, 1.2265262649037936, 0.7040549674161152, 0.23104874955147486, 0.4519256995490831, 2.2151959642224077, 1.7891958447265641, 4.59865607848992, 15.052483938949996, 49.359518317154595, 63.88391063252466, 0.8330719152731079, 9.401160201310939, 6.673800644178212, 2.171129113258292, 1.0855618908025306, 7.547296778458368, 2.5821263861788877, 16.25549577079846, 16.638077829087408, 1.8342615792380883, 0.6861474018215314, 0.8858571170824738, 2.929996645990447, 0.8381872126258423, 4.8775705338351605, 4.595057384602701, 0.23966764299183882, 0.31296659905146607, 0.13064624252531476, 0.06957248233666, 0.251567684246596, 0.12498276972168178, 0.336790487022075, 0.21078970842644962, 0.23212074516539588, 1.0209066013493053, 0.1283984188475144, 2.1202645511286238, 1.590231020988747, 19.438175016273895, 1.5541349387825203, 0.3466208431109762, 12.761152674533568, 3.588066586823943, 22.03932840972259, 5.116106700328636, 1.060570057226569, 0.5906728582949812, 0.31742439077452655, 0.04506415992617694, 0.14230779750313388, 0.16940195174963488, 0.020126456573737506, 0.8368154153870513, 0.3032290044528944, 0.25159058593717876, 1.0741846363248189, 0.3418789871942382, 2.1040713051378392, 4.2237902885948015, 0.2655999782821168]}